antibiotic_name,common_brand_names,usage,symptoms
Penicillin G,"Pfizerpen, Crystapen, Benzylpenicillin","Treatment of severe infections caused by penicillin-susceptible organisms, including neurosyphilis, endocarditis, bacteremia, meningitis, and severe streptococcal infections.","Injection site reactions, nausea, diarrhea, rash; serious risks include severe anaphylaxis, Jarisch-Herxheimer reaction in syphilis, neurotoxicity/seizures at high doses, and Clostridioides difficile-associated diarrhoea."
Penicillin V,"Pen-VK, Veetids, Kaypen, V-Cillin K","Treatment of mild-to-moderate susceptible bacterial infections, including streptococcal pharyngitis, tonsillitis, and mild skin and soft-tissue infections.","Nausea, vomiting, diarrhea, epigastric distress, rash; serious risks include acute hypersensitivity/anaphylaxis and Clostridioides difficile-associated diarrhoea."
Benzathine penicillin G,"Bicillin L-A, Penidure, Retarpen, Extencilline","Long-acting intramuscular treatment for syphilis (primary, secondary, and latent), yaws, and secondary prophylaxis of rheumatic fever.","Injection site pain, erythema; serious risks include fatal inadvertent IV administration (cardiorespiratory arrest), severe anaphylaxis, and Jarisch-Herxheimer reaction."
Procaine penicillin G,"Bicillin C-R, Wycillin, Procaine Penicillin","Intramuscular treatment of moderately severe infections caused by penicillin-susceptible organisms, including uncomplicated pneumonia, erysipelas, and neurosyphilis adjunct.","Injection site pain, rash, chills; serious risks include Hoigné syndrome (procaine toxicity with agitation, confusion, seizures on accidental IV injection), severe anaphylaxis, and C. difficile-associated diarrhoea."
Amoxicillin,"Mox, Almox, Cipmox, Novamox, Amoxil","Treatment of susceptible bacterial infections, including selected ear, nose and throat, respiratory, skin and genitourinary infections; also used in specific combination regimens for Helicobacter pylori.","Diarrhoea, nausea, vomiting, rash; serious risks include severe allergic reactions and Clostridioides difficile-associated diarrhoea."
Ampicillin,"Campicillin, Ampisyn, Omnipen, Principen","Treatment of infections caused by susceptible bacteria, including selected respiratory, gastrointestinal, urinary and other infections.","Diarrhoea, nausea, rash; serious risks include allergic reactions, severe skin reactions and C. difficile-associated diarrhoea."
Bacampicillin,"Spectrobid, Penglobe","Oral prodrug of ampicillin used for susceptible upper and lower respiratory tract, urinary tract, and skin and soft-tissue infections.","Nausea, diarrhea, abdominal discomfort, maculopapular rash; serious risks include severe allergic reactions and Clostridioides difficile-associated diarrhoea."
Pivampicillin,"Pondocillin, Miraxid","Pivaloyloxymethyl prodrug of ampicillin used in selected jurisdictions for respiratory, ear, nose, throat, and urinary tract infections.","Nausea, vomiting, heartburn, diarrhea; serious risks include carnitine depletion with prolonged use, severe hypersensitivity reactions, and C. difficile-associated diarrhoea."
Talampicillin,Talpen,"Phthalidyl ester prodrug of ampicillin indicated for susceptible respiratory tract, urinary tract, and soft-tissue infections.","Nausea, vomiting, diarrhea, skin rash; serious risks include acute anaphylaxis and Clostridioides difficile-associated diarrhoea."
Epicillin,Dexacillin,"Historical semi-synthetic aminopenicillin previously indicated for susceptible respiratory, urinary, and skin infections.","Nausea, diarrhea, allergic rash; serious risks include hypersensitivity reactions and superinfections (limited current clinical availability)."
Hetacillin,"Versapen, Hetacin-K (vet)",Prodrug of ampicillin historically used for human infections and in veterinary medicine for bovine mastitis.,"Gastrointestinal upset, diarrhea, rash; serious risks include allergic anaphylaxis; largely obsolete in human clinical practice."
Methicillin,"Staphcillin, Celbenin (historical)",Historical penicillinase-resistant penicillin previously used for susceptible staphylococcal infections; obsolete in routine therapy and now primarily an in vitro resistance benchmark.,"Interstitial nephritis (hematuria, fever, eosinophilia), hypersensitivity reactions, bone marrow suppression, and C. difficile colitis; obsolete due to high nephrotoxicity."
Nafcillin,"Nallpen, Unipen","Treatment of documented or suspected penicillinase-producing staphylococcal infections, including bacteremia, endocarditis, osteomyelitis, and skin/soft-tissue infections.","Nausea, vomiting, injection site pain or phlebitis; serious risks include severe neutropenia, acute interstitial nephritis, hypokalemia, and severe allergic reactions."
Oxacillin,"Bactocill, Prostaphlin","Treatment of infections caused by penicillinase-producing staphylococci, including respiratory tract, skin and skin structure, and bone infections.","Nausea, diarrhea, rash, elevated transaminases; serious risks include drug-induced hepatotoxicity, acute interstitial nephritis, and C. difficile-associated diarrhoea."
Cloxacillin,"Klox, Cloxin, Tegopen, Orbenin","Treatment of susceptible staphylococcal infections, including impetigo, cellulitis, folliculitis, and respiratory tract infections.","Nausea, epigastric discomfort, diarrhea, rash; serious risks include anaphylaxis, cholestatic jaundice/hepatitis, and Clostridioides difficile-associated diarrhoea."
Dicloxacillin,"Dynapen, Dycill, Pathocil","Oral treatment of mild-to-moderate susceptible penicillinase-producing staphylococcal infections of the skin, soft tissues, and respiratory tract.","Nausea, diarrhea, heartburn, abdominal distress, rash; serious risks include acute allergic reactions, esophagitis, cholestatic jaundice, and C. difficile-associated diarrhoea."
Flucloxacillin,"Floxapen, Flopen, Staphylex","Treatment of susceptible penicillinase-producing staphylococcal infections, including cellulitis, impetigo, osteomyelitis, and surgical prophylaxis.","Gastrointestinal upset, nausea, diarrhea, rash; serious risks include delayed cholestatic jaundice/hepatotoxicity (especially in elderly patients or long courses) and severe anaphylaxis."
Temocillin,Negaban,"Treatment of confirmed or suspected Gram-negative bacterial infections resistant to conventional beta-lactams, including urinary tract and bloodstream infections (active against many ESBL-producers).","Nausea, diarrhea, injection site discomfort; serious risks include hypersensitivity reactions, neurotoxicity at elevated serum levels, and C. difficile colitis."
Carbenicillin,"Geopen, Pyopen, Geocillin",Treatment of susceptible systemic and urinary tract infections caused by Pseudomonas aeruginosa and Proteus species (availability varies regionally).,"Nausea, vomiting, diarrhea, vein irritation; serious risks include platelet dysfunction/bleeding diathesis, hypokalemia, hypernatremia (high sodium load), and hypersensitivity."
Ticarcillin,Ticar,"Parenteral antipseudomonal carboxypenicillin historically used for severe systemic, urinary tract, and bone/joint infections caused by Pseudomonas and other Gram-negative bacilli.","Hypokalemia, nausea, diarrhea, phlebitis; serious risks include bleeding abnormalities due to platelet aggregation inhibition, seizures at high doses, and severe hypersensitivity."
Piperacillin,"Pipracil, Pipra","Extended-spectrum antipseudomonal ureidopenicillin used for serious systemic, intra-abdominal, respiratory, and urinary tract infections caused by susceptible Gram-negative bacteria.","Diarrhea, nausea, headache, injection site pain; serious risks include severe hypersensitivity reactions, leukopenia/neutropenia with prolonged therapy, and C. difficile colitis."
Mezlocillin,Mezlin,"Extended-spectrum ureidopenicillin historically indicated for serious susceptible bacterial infections of the lower respiratory tract, urinary tract, and abdomen.","Gastrointestinal upset, diarrhea, phlebitis; serious risks include bleeding tendencies, hypokalemia, acute interstitial nephritis, and allergic anaphylaxis."
Azlocillin,"Securopen, Azlin","Extended-spectrum ureidopenicillin historically used for serious infections caused by Pseudomonas aeruginosa in lower respiratory, urinary, and intra-abdominal sites.","Nausea, diarrhea, local venous irritation; serious risks include bleeding disorders, hypokalemia, leukopenia, and acute hypersensitivity reactions."
Sulbenicillin,Kedacillin,Regional antipseudomonal penicillin used in selected Asian markets for susceptible Pseudomonas and Proteus infections.,"Diarrhea, nausea, injection site discomfort; serious risks include allergic hypersensitivity reactions, electrolyte disturbances, and C. difficile-associated diarrhoea."
Amoxicillin-clavulanate (Co-amoxiclav),"Augmentin, Clavam, Moxikind-CV, Moxclav, Advent","Treatment of selected susceptible bacterial infections, including some sinus, ear, respiratory, skin and urinary infections.","Diarrhoea, nausea, vomiting, rash; serious risks include allergic reactions, C. difficile-associated diarrhoea and liver injury."
Ampicillin-sulbactam,"Unasyn, Sulbacin, Ampitum","Treatment of susceptible skin and skin structure, intra-abdominal, and gynecological infections caused by beta-lactamase-producing strains.","Injection site pain, diarrhea, nausea, rash; serious risks include severe anaphylaxis, cholestatic jaundice/hepatotoxicity, and Clostridioides difficile-associated diarrhoea."
Piperacillin-tazobactam,"Zosyn, Tazocin, Pipzo, Piptaz","Treatment of selected serious infections caused by susceptible bacteria, including certain intra-abdominal, skin, pelvic and hospital-acquired pneumonia infections.","Diarrhoea, nausea, rash, headache; serious risks include allergic reactions, kidney-related concerns in some combinations, blood-count changes and C. difficile-associated diarrhoea."
Ticarcillin-clavulanate,Timentin,"Treatment of moderate-to-severe infections caused by susceptible beta-lactamase-producing isolates, including intra-abdominal, urinary, and respiratory infections.","Diarrhea, nausea, injection site reactions, rash; serious risks include bleeding abnormalities, hypokalemia, liver enzyme elevations, and severe allergic reactions."
Amoxicillin-sulbactam,"Trifamox IBL, Sultamicillin","Treatment of susceptible upper and lower respiratory tract, urinary tract, skin, and intra-abdominal infections caused by beta-lactamase-producing bacteria.","Diarrhea, nausea, vomiting, rash; serious risks include acute hypersensitivity reactions, elevated liver enzymes, and Clostridioides difficile-associated diarrhoea."
Cefadroxil,"Duricef, Cefadrox, Droxyl, Odoxil","Treatment of susceptible mild-to-moderate bacterial infections including urinary tract infections, skin and skin structure infections, and streptococcal pharyngitis/tonsillitis.","Diarrhea, nausea, dyspepsia, rash; serious risks include severe hypersensitivity reactions and Clostridioides difficile-associated diarrhoea."
Cefazolin,"Ancef, Kefzol, Cefacillin","Treatment of susceptible respiratory, urinary, biliary, and skin infections, endocarditis, and routine perioperative surgical prophylaxis.","Diarrhea, nausea, injection site thrombophlebitis, rash; serious risks include allergic reactions/anaphylaxis, neurotoxicity/seizures in renal impairment, and C. difficile colitis."
Cephalexin (INN: cefalexin),"Keflex, Phexin, Sporidex, Ceff","Treatment of selected susceptible skin and soft-tissue, respiratory, bone and genitourinary infections.","Diarrhoea, nausea, vomiting, abdominal discomfort, rash; serious risks include allergic reactions and C. difficile-associated diarrhoea."
Cephradine (INN: cefradine),"Velosef, Eskacef","Treatment of susceptible respiratory tract, urinary tract, and skin infections, and surgical prophylaxis in selected jurisdictions.","Diarrhea, nausea, vomiting, rash; serious risks include hypersensitivity reactions and Clostridioides difficile-associated diarrhoea."
Cephapirin,"Cefadyl, ToDAY (vet), ToMORROW (vet)",Parenteral first-generation cephalosporin historically used for susceptible human infections; widely used in veterinary medicine for intramammary bovine mastitis.,"Injection site pain, diarrhea, rash; serious risks include hypersensitivity reactions; primarily veterinary in current practice."
Cephalothin (INN: cefalotin),Keflin,"Parenteral first-generation cephalosporin historically used for severe susceptible Gram-positive and urinary tract infections, and surgical prophylaxis.","Severe injection site phlebitis/pain, diarrhea, rash; serious risks include nephrotoxicity (especially in combination with aminoglycosides) and severe hypersensitivity."
Cefazaflur,Cefazaflur (investigational/historical),First-generation cephalosporin developed for susceptible bacterial infections; obsolete/limited commercial clinical availability.,"Gastrointestinal upset, diarrhea, rash; serious risks include allergic reactions and C. difficile-associated diarrhoea (non-routine historical agent)."
Cefroxadine,Oraspor,"Oral first-generation cephalosporin used in selected European and Asian countries for susceptible respiratory, urinary, and skin infections.","Nausea, diarrhea, abdominal discomfort, rash; serious risks include acute hypersensitivity reactions and Clostridioides difficile-associated diarrhoea."
Cefaclor,"Ceclor, Distaclor, Keflor","Treatment of susceptible otitis media, lower and upper respiratory tract infections, urinary tract infections, and skin infections.","Diarrhea, nausea, vomiting, rash; serious risks include serum sickness-like reactions (arthralgia, fever, erythema multiforme, especially in pediatric patients) and C. difficile colitis."
Cefamandole,Mandol,"Second-generation cephalosporin historically used for susceptible respiratory, urinary, and soft-tissue infections.","Nausea, diarrhea, injection site pain; serious risks include hypoprothrombinemia/bleeding and disulfiram-like ethanol reactions (due to NMTT side chain), and C. difficile colitis."
Cefoxitin,Mefoxin,"Cephamycin antibiotic used for susceptible intra-abdominal, gynecological, and surgical prophylaxis, with notable activity against anaerobes including Bacteroides fragilis.","Diarrhea, nausea, injection site thrombophlebitis, eosinophilia; serious risks include severe hypersensitivity reactions and Clostridioides difficile-associated diarrhoea."
Cefprozil,"Cefzil, ProExecution","Treatment of susceptible mild-to-moderate pharyngitis, tonsillitis, otitis media, acute sinusitis, bronchitis, and uncomplicated skin infections.","Diarrhea, nausea, vomiting, abdominal pain, rash; serious risks include hypersensitivity reactions and Clostridioides difficile-associated diarrhoea."
Cefuroxime,"Ceftin, Zinacef, Zefu, Altacef, Cetil","Treatment of selected susceptible infections, including certain respiratory, ear, skin and urinary tract infections; formulations have different approved uses.","Diarrhoea, nausea, vomiting, rash; serious risks include allergic reactions and C. difficile-associated diarrhoea."
Ceforanide,Precef,"Long-acting parenteral second-generation cephalosporin historically used for susceptible respiratory, bone/joint, and skin infections.","Injection site pain, diarrhea, nausea, rash; serious risks include hypersensitivity reactions and C. difficile-associated diarrhoea."
Cefotetan,Cefotan,"Cephamycin antibiotic indicated for susceptible gynecologic, intra-abdominal, and surgical prophylaxis with anaerobic coverage.","Diarrhea, nausea, rash; serious risks include hypoprothrombinemia/coagulopathy and disulfiram-like reactions with alcohol (NMTT side chain), and severe hemolytic anemia."
Cefonicid,Monocid,"Second-generation parenteral cephalosporin historically used for susceptible lower respiratory tract, urinary tract, and bone infections.","Pain at injection site, diarrhea, rash; serious risks include hypersensitivity reactions and Clostridioides difficile-associated diarrhoea."
Cefmetazole,Zefazone,"Cephamycin indicated for susceptible intra-abdominal, gynecological, urinary, and respiratory infections.","Diarrhea, nausea, injection site pain; serious risks include bleeding/hypoprothrombinemia, disulfiram-like ethanol reactions (NMTT side chain), and C. difficile colitis."
Cefbuperazone,Tomiporan,"Second-generation cephamycin used in selected regional markets for susceptible intra-abdominal, biliary, and pelvic infections.","Nausea, diarrhea, rash; serious risks include bleeding tendencies/hypoprothrombinemia (NMTT side chain), hypersensitivity, and C. difficile-associated diarrhoea."
Cefcapene,Flomox,"Oral third-generation cephalosporin ester used in Japan and East Asia for susceptible respiratory, dermatological, and urinary infections.","Diarrhea, nausea, abdominal discomfort, rash; serious risks include pivalate-associated carnitine deficiency (in ester form), hypersensitivity, and C. difficile colitis."
Cefdaloxime,Cefdaloxime (investigational),Investigational/regional oral third-generation cephalosporin developed for susceptible respiratory and urinary tract infections.,"Gastrointestinal disturbance, diarrhea, rash; serious risks include allergic reactions and superinfections (limited commercial availability)."
Cefdinir,"Omnicef, Aldir, RT-Cef, Adcef","Treatment of susceptible community-acquired pneumonia, acute exacerbations of chronic bronchitis, acute maxillary sinusitis, pharyngitis/tonsillitis, and skin infections.","Diarrhea, vaginal moniliasis, nausea, headache, reddish stools (in presence of iron supplements); serious risks include hypersensitivity and C. difficile colitis."
Cefditoren,"Spectracef, Meiact","Oral third-generation cephalosporin for susceptible acute exacerbations of chronic bronchitis, community-acquired pneumonia, pharyngitis, and uncomplicated skin infections.","Diarrhea, nausea, headache, vaginal candidiasis; serious risks include carnitine deficiency with prolonged use (pivoxil ester) and hypersensitivity reactions."
Cefetamet,Globocef,"Oral third-generation cephalosporin prodrug indicated in selected jurisdictions for susceptible respiratory tract, ear/nose/throat, and urinary tract infections.","Diarrhea, nausea, abdominal cramps, headache; serious risks include hypersensitivity reactions and Clostridioides difficile-associated diarrhoea."
Cefixime,"Taxim-O, Zifi, Cef-O, Mahacef, Suprax","Oral third-generation cephalosporin indicated for susceptible uncomplicated urinary tract infections, otitis media, pharyngitis/tonsillitis, and uncomplicated gonorrhea.","Diarrhea, loose stools, abdominal pain, nausea, dyspepsia, flatulence; serious risks include severe allergic reactions/anaphylaxis and C. difficile-associated diarrhoea."
Cefmenoxime,"Cefmax, Tacef","Parenteral third-generation cephalosporin used regionally for susceptible septicemia, respiratory tract, urinary tract, and biliary infections.","Nausea, diarrhea, injection site reactions; serious risks include bleeding/hypoprothrombinemia (NMTT side chain), disulfiram-like ethanol reactions, and hypersensitivity."
Cefodizime,"Kenicef, Timecef",Broad-spectrum third-generation parenteral cephalosporin used regionally for susceptible lower respiratory tract and urinary tract infections.,"Diarrhea, nausea, rash, injection site discomfort; serious risks include hypersensitivity reactions and Clostridioides difficile-associated diarrhoea."
Cefoperazone,"Cefobid, Magnamycin","Third-generation antipseudomonal cephalosporin with extensive biliary excretion, used for susceptible biliary, intra-abdominal, and respiratory infections.","Diarrhea, nausea, phlebitis; serious risks include hypoprothrombinemia/bleeding (NMTT side chain, vitamin K reversible), disulfiram-like ethanol reaction, and C. difficile colitis."
Cefotaxime,"Claforan, Taxim, Omnatax","Treatment of serious susceptible infections including bacterial meningitis, pneumonia, bacteremia, intra-abdominal, bone/joint, and genitourinary infections.","Diarrhea, nausea, vomiting, injection site inflammation, rash; serious risks include severe anaphylaxis, granulocytopenia, and Clostridioides difficile-associated diarrhoea."
Cefpimizole,Ajicef,Third-generation parenteral cephalosporin developed for susceptible Pseudomonas and enterobacterial infections (limited/regional clinical availability).,"Diarrhea, nausea, local site irritation; serious risks include hypersensitivity reactions and C. difficile-associated diarrhoea."
Cefpodoxime,"Gudcef, Doxcef, Monocef-O, Macpod, Vantin","Oral third-generation cephalosporin for susceptible community-acquired pneumonia, acute otitis media, pharyngitis/tonsillitis, and skin/urinary tract infections.","Diarrhea, nausea, vaginal fungal infections, abdominal pain, headache; serious risks include severe allergic reactions and Clostridioides difficile-associated diarrhoea."
Cefteram,Tomiron,"Oral third-generation cephalosporin pivoxil ester used regionally in Japan/Asia for susceptible respiratory, urinary, and otolaryngological infections.","Diarrhea, loose stools, nausea, rash; serious risks include carnitine deficiency with prolonged pediatric administration and severe hypersensitivity."
Ceftibuten,Cedax,"Oral third-generation cephalosporin indicated for susceptible acute bacterial exacerbations of chronic bronchitis, acute bacterial otitis media, and pharyngitis/tonsillitis.","Nausea, diarrhea, headache, dyspepsia, abdominal pain; serious risks include hypersensitivity reactions and Clostridioides difficile-associated diarrhoea."
Ceftiofur,"Excenel (vet), Naxcel (vet), Excede (vet)","Veterinary-exclusive third-generation cephalosporin indicated for bovine respiratory disease, swine respiratory disease, and equine bacterial infections.",Veterinary injection site reactions; strictly NOT approved or indicated for human administration (risk of beta-lactam hypersensitivity upon human occupational exposure).
Ceftizoxime,"Cefizox, Epocelin","Parenteral third-generation cephalosporin indicated for susceptible lower respiratory tract, urinary tract, intra-abdominal, and pelvic inflammatory infections.","Diarrhea, nausea, injection site discomfort, rash; serious risks include hypersensitivity reactions and Clostridioides difficile-associated diarrhoea."
Ceftriaxone,"Monocef, Rocephin, Oframax, Xone","Treatment of serious or selected susceptible bacterial infections, including certain respiratory, bloodstream, abdominal, urinary, skin, bone/joint and meningitis infections.","Injection-site pain, diarrhoea, rash, changes in blood counts; serious risks include allergic reactions, biliary complications and C. difficile-associated diarrhoea."
Ceftazidime,"Fortaz, Tazicef, Fortum, Ceftaz","Third-generation cephalosporin with potent activity against Pseudomonas aeruginosa, used for nosocomial pneumonia, febrile neutropenia, cUTI, and meningitis.","Diarrhea, nausea, injection site phlebitis, pruritus; serious risks include neurotoxicity (encephalopathy, myoclonus, asterixis in renal impairment), anaphylaxis, and C. difficile colitis."
Latamoxef (moxalactam),"Moxam, Shiomarin","Oxacephem broad-spectrum antibiotic historically used for susceptible Gram-negative bacteremia, meningitis, and intra-abdominal infections.","Diarrhea, nausea, injection site pain; serious risks include severe bleeding diathesis/hypoprothrombinemia, disulfiram reactions (NMTT side chain), and C. difficile colitis."
Cefepime,"Maxipime, Cepime, Novapime","Treatment of selected moderate-to-severe infections caused by susceptible bacteria, including certain pneumonia, urinary, skin and intra-abdominal infections when used with appropriate companion therapy.","Rash, diarrhoea, nausea, fever; serious risks include neurotoxicity (especially with impaired kidney function), allergic reactions and C. difficile-associated diarrhoea."
Cefozopran,Firstcin,"Fourth-generation parenteral cephalosporin used regionally in Japan for susceptible septicemia, respiratory tract, and intra-abdominal infections.","Diarrhea, nausea, elevated transaminases, rash; serious risks include neurotoxicity in renal impairment, hypersensitivity, and C. difficile-associated diarrhoea."
Cefpirome,"Cefrom, Bacirom","Fourth-generation cephalosporin used in Europe and other regions for severe hospital-acquired pneumonia, bacteremia, and febrile neutropenia.","Diarrhea, nausea, injection site pain, rash; serious risks include neurotoxicity (seizures, encephalopathy in renal failure), severe anaphylaxis, and C. difficile colitis."
Cefquinome,"Cobactan (vet), Cephaguard (vet)","Veterinary-exclusive fourth-generation cephalosporin indicated for bovine respiratory disease, calf septicemia, and swine respiratory infections.",Veterinary injection site reactions; strictly NOT approved or indicated for human administration (potential for beta-lactam hypersensitivity upon human occupational exposure).
Ceftobiprole,"Zevtera, Zeftera","Advanced-generation cephalosporin indicated for hospital-acquired and community-acquired pneumonia, with activity against MRSA and susceptible Gram-negative bacilli.","Nausea, diarrhea, dysgeusia, headache, vomiting; serious risks include severe hypersensitivity reactions and Clostridioides difficile-associated diarrhoea."
Ceftaroline,"Teflaro, Zinforo","Advanced-generation cephalosporin indicated for acute bacterial skin and skin structure infections (ABSSSI) and community-acquired bacterial pneumonia (CABP), active against MRSA.","Diarrhea, nausea, rash, direct Coombs test seroconversion; serious risks include severe hypersensitivity reactions, agranulocytosis, and Clostridioides difficile-associated diarrhoea."
Ceftolozane-tazobactam,Zerbaxa,"Combination agent indicated for complicated intra-abdominal infections (with metronidazole), complicated urinary tract infections, and hospital-acquired/ventilator-associated bacterial pneumonia.","Nausea, diarrhea, headache, pyrexia; serious risks include severe hypersensitivity reactions, decreased efficacy in baseline renal impairment (CrCl 30-50 mL/min), and C. difficile colitis."
Cefiderocol,"Fetroja, Fetcroja",Siderophore cephalosporin indicated for complicated urinary tract infections and hospital-acquired/ventilator-associated pneumonia caused by susceptible multidrug-resistant Gram-negative bacteria.,"Diarrhea, infusion site reactions, elevated transaminases, candidiasis; serious risks include boxed warning for higher all-cause mortality in critically ill patients and C. difficile colitis."
Ceftazidime-avibactam,"Avycaz, Zavicefta","Combination agent indicated for complicated intra-abdominal infections, complicated urinary tract infections, and hospital-acquired/ventilator-associated bacterial pneumonia caused by MDR Gram-negative pathogens.","Nausea, diarrhea, headache, constipation; serious risks include central nervous system toxicity/seizures in renal impairment, hypersensitivity, and C. difficile colitis."
Imipenem,"Primaxin, Tienam","Treatment of selected serious infections caused by susceptible bacteria, including certain intra-abdominal, lower respiratory, urinary, skin and gynaecological infections.","Nausea, vomiting, diarrhoea, rash; serious risks include seizures, allergic reactions and C. difficile-associated diarrhoea."
Meropenem,"Merrem, Meronem, Meromac, Mero","Treatment of selected serious infections caused by susceptible bacteria, including complicated intra-abdominal infections, meningitis in indicated patients and certain skin infections.","Diarrhoea, nausea, vomiting, headache, rash or infusion-site reactions; serious risks include seizures (risk increased in some patients), allergic reactions and C. difficile-associated diarrhoea."
Ertapenem,Invanz,"Once-daily carbapenem indicated for complicated intra-abdominal, complicated skin/skin structure, community-acquired pneumonia, complicated UTI, and colorectal surgical prophylaxis.","Diarrhea, infused vein complication, nausea, headache, vaginitis; serious risks include central nervous system toxicity/seizures, anaphylaxis, and C. difficile-associated diarrhoea."
Doripenem,"Doribax, Finibax",Carbapenem indicated for complicated intra-abdominal infections and complicated urinary tract infections caused by susceptible pathogens.,"Headache, nausea, diarrhea, rash, phlebitis; serious risks include increased mortality in ventilator-associated pneumonia (boxed warning/discontinued indication), seizures, and anaphylaxis."
Panipenem,Carベニン (Carbenin),"Carbapenem co-administered with betamipron, used regionally in Japan and China for severe susceptible respiratory, urinary, and intra-abdominal infections.","Nausea, vomiting, diarrhea, rash, elevated transaminases; serious risks include seizures, hypersensitivity reactions, and Clostridioides difficile-associated diarrhoea."
Biapenem,Omegacin,"Parenteral carbapenem with high dehydropeptidase-I stability, approved in Japan and China for sepsis, pneumonia, and complicated urinary tract infections.","Nausea, diarrhea, rash, elevated ALT/AST; serious risks include central nervous system toxicity/convulsions, interstitial pneumonia, and severe hypersensitivity."
Tebipenem,Orapenem,Oral carbapenem pivoxil ester used in Japan for pediatric respiratory and ENT infections; investigated globally for complicated urinary tract infections.,"Diarrhea, loose stools, nausea; serious risks include pivalate-related carnitine deficiency with prolonged use, hypersensitivity reactions, and C. difficile colitis."
Tomopenem,CS-023 (investigational),Investigational parenteral carbapenem developed for multiresistant Pseudomonas aeruginosa and Gram-negative hospital infections.,"Gastrointestinal disturbance, rash, injection site irritation; serious risks include hypersensitivity and neurotoxicity (investigational agent; not routine clinical therapy)."
Aztreonam,"Azactam, Cayston (inhaled), Trezora",Monobactam active against aerobic Gram-negative bacteria (including Pseudomonas); IV formulation for systemic infections; inhaled formulation for cystic fibrosis Pseudomonas management.,"Diarrhea, nausea, vomiting, rash, cough/bronchospasm (inhalation); serious risks include anaphylaxis (rare cross-reactivity with penicillins, except ceftazidime) and C. difficile colitis."
Tigemonam,Tigemonam (investigational),Investigational oral monobactam developed for susceptible Gram-negative Enterobacteriaceae infections.,"Nausea, diarrhea, abdominal cramps; serious risks include hypersensitivity reactions and superinfections (developmental/non-marketed agent)."
Carumonam,"Amasulin, Mobilan","Parenteral monobactam used regionally in selected countries for susceptible Gram-negative urinary, respiratory, and biliary tract infections.","Diarrhea, nausea, injection site reactions, elevated transaminases; serious risks include hypersensitivity reactions and Clostridioides difficile-associated diarrhoea."
Azithromycin,"Azithral, Azee, Zithromax, Azimax, Zady","Treatment of selected susceptible bacterial infections, including certain respiratory, skin and sexually transmitted infections.","Diarrhoea, nausea, abdominal pain; serious risks include QT prolongation/abnormal heart rhythm, liver injury and severe allergic or skin reactions."
Clarithromycin,"Biaxin, Klacid, Claribid, Synclar","Treatment of selected susceptible bacterial infections, including respiratory and skin infections; also used in combination regimens for H. pylori.","Diarrhoea, nausea, abdominal pain, altered taste; serious risks include QT prolongation, liver injury, severe allergic reactions and important drug interactions."
Erythromycin,"Althrocin, Erythrocin, EES, Ery-Tab",Treatment of selected infections caused by susceptible bacteria; specific uses depend on formulation and indication.,"Nausea, abdominal cramps, vomiting, diarrhoea; serious risks include QT prolongation/arrhythmias, liver injury and allergic reactions."
Roxithromycin,"Roxid, Rulide, Roxee","Semi-synthetic macrolide approved in Europe and Australia for susceptible respiratory tract, ENT, genital, and skin infections.","Nausea, vomiting, epigastric pain, diarrhea, headache; serious risks include QT prolongation, cholestatic hepatotoxicity, and hypersensitivity reactions."
Telithromycin,Ketek,Ketolide antibiotic historically approved for community-acquired pneumonia of mild to moderate severity caused by susceptible organisms.,"Diarrhea, nausea, dizziness, dysgeusia, visual disturbances/blurred vision; serious risks include boxed warnings for severe fatal hepatotoxicity, visual impairment, and exacerbation of myasthenia gravis."
Dirithromycin,Dynabac,Oral macrolide prodrug of erythromycylamine historically indicated for mild-to-moderate respiratory and skin infections.,"Abdominal pain, nausea, diarrhea, headache; serious risks include QT prolongation, cardiac arrhythmias, and severe hypersensitivity (withdrawn/discontinued in many markets)."
Josamycin,"Josalid, Josacine, Wilprafen","16-membered natural macrolide approved in Europe and Japan for susceptible respiratory, ENT, dermatological, and dental infections.","Nausea, abdominal discomfort, diarrhea, anorexia; serious risks include hepatotoxicity, allergic reactions, and C. difficile-associated diarrhoea."
Kitasamycin,"Leucomycin, Ayermicina",16-membered macrolide complex used regionally in human medicine and widely in veterinary feed/medicine for susceptible Gram-positive and mycoplasmal infections.,"Nausea, vomiting, diarrhea, abdominal cramps; serious risks include hypersensitivity reactions and hepatotoxicity (limited human regulatory authorization in US/EU)."
Midecamycin,"Midecacin, Rubupen",16-membered macrolide used regionally in Japan and Europe for susceptible upper and lower respiratory infections and dermatologic infections.,"Diarrhea, nausea, anorexia, rash; serious risks include hepatotoxicity, QT interval prolongation, and Clostridioides difficile-associated diarrhoea."
Oleandomycin,"Matromycin, Romicil",Historical macrolide antibiotic previously indicated for susceptible staphylococcal and streptococcal infections; largely obsolete in modern human therapeutics.,"Gastrointestinal distress, nausea, diarrhea; serious risks include cholestatic jaundice, severe allergic reactions, and drug-drug interactions (discontinued/historical)."
Spiramycin,Rovamycine,"16-membered macrolide used for susceptible oral/dental and respiratory infections, and specifically as primary therapy for congenital toxoplasmosis prevention in pregnancy.","Nausea, vomiting, diarrhea, abdominal cramps, paresthesia; serious risks include QT prolongation, acute cholestatic hepatitis, and hypersensitivity reactions."
Troleandomycin,TAO,Triacetyl ester prodrug of oleandomycin historically used for susceptible respiratory infections and as an adjunct in severe corticosteroid-dependent asthma.,"Abdominal cramping, nausea, vomiting, diarrhea; serious risks include severe cholestatic jaundice/hepatotoxicity, potent CYP3A4 inhibition with toxic drug interactions."
Tylosin,"Tylan (vet), Tyluvet (vet), Pharmasin (vet)","Veterinary-exclusive 16-membered macrolide indicated for swine dysentery, bovine respiratory complex, and canine/feline chronic enteropathy.","Veterinary gastrointestinal irritation, rectal edema in swine; strictly NOT approved for human medical therapy (fatal cardiovascular toxicity reported on accidental human parenteral exposure)."
Fidaxomicin,"Dificid, Dificlir",Narrow-spectrum macrocyclic antibiotic indicated for the treatment of Clostridioides difficile-associated diarrhea in adults and pediatric patients.,"Nausea, vomiting, abdominal pain, gastrointestinal hemorrhage, anemia; serious risks include hypersensitivity reactions (low systemic absorption minimizes systemic toxicity)."
Solithromycin,Solithera (investigational),Investigational fluoroketolide developed for community-acquired bacterial pneumonia and uncomplicated gonorrhea.,"Nausea, diarrhea, headache, infusion site pain; serious risks include transient transaminase elevations, hepatotoxicity concerns, and visual disturbance (not commercially approved)."
Cethromycin,Restanza (investigational),Investigational ketolide developed for community-acquired bacterial pneumonia and post-exposure prophylaxis for inhalation anthrax.,"Dysgeusia, nausea, diarrhea, headache; serious risks include potential ketolide-class hepatotoxicity and QT interval prolongation (not commercially approved)."
Ciprofloxacin,"Ciplox, Cipro, Cifran, Ciprobid",Treatment of selected infections caused by susceptible bacteria; use is restricted for some uncomplicated infections when safer alternatives are suitable.,"Nausea, diarrhoea, abdominal discomfort, headache; serious risks include tendon injury/rupture, peripheral neuropathy, CNS effects, QT prolongation and worsening of myasthenia gravis."
Levofloxacin,"Levomac, Loxof, Levaquin, Glevo, Tavanic","Treatment of selected susceptible bacterial infections, including certain pneumonia, sinus, urinary and skin infections; reserve for some conditions when alternatives are appropriate.","Nausea, diarrhoea, headache, insomnia; serious risks include tendon injury, peripheral neuropathy, CNS effects, QT prolongation and worsening of myasthenia gravis."
Moxifloxacin,"Avelox, Moxicip, Mahaflox, Vigamox (eye drops)","Treatment of selected susceptible bacterial infections, including certain respiratory and skin infections; not suitable for every infection site.","Nausea, diarrhoea, dizziness; serious risks include QT prolongation, tendon injury, peripheral neuropathy, CNS effects and worsening of myasthenia gravis."
Gemifloxacin,"Factive, Gemiflox",Fluoroquinolone indicated for the treatment of acute bacterial exacerbation of chronic bronchitis and mild-to-moderate community-acquired pneumonia.,"Diarrhea, nausea, rash, headache, dizziness; serious risks include boxed warnings for tendinitis/tendon rupture, peripheral neuropathy, CNS effects, QT prolongation, and high incidence of maculopapular rash."
Ofloxacin,"Oflox, Zenflox, Floxin, Oflotas","Fluoroquinolone indicated for susceptible mild-to-moderate urinary tract, respiratory tract, skin, and sexually transmitted infections (also ophthalmic/otic solutions).","Nausea, insomnia, headache, dizziness, diarrhea; serious risks include boxed warnings for tendonitis/tendon rupture, peripheral neuropathy, CNS toxicities, and QT prolongation."
Norfloxacin,"Norflox, Norbactin, Noroxin","Oral fluoroquinolone historically indicated for susceptible uncomplicated and complicated urinary tract infections, prostatitis, and spontaneous bacterial peritonitis prophylaxis.","Nausea, headache, dizziness, abdominal cramps, diarrhea; serious risks include boxed warnings for tendinitis/tendon rupture, peripheral neuropathy, CNS effects, and QT prolongation."
Enoxacin,"Enoxor, Penetrex",Oral fluoroquinolone historically indicated for susceptible uncomplicated urethral/endocervical gonorrhea and urinary tract infections.,"Nausea, dizziness, headache, insomnia, dyspepsia; serious risks include boxed warnings for tendinitis, peripheral neuropathy, CNS toxicity, and severe theophylline toxicity due to CYP1A2 inhibition."
Gatifloxacin,"Zymar (eye drops), Tequin (systemic discontinued), Zymaxid",Fluoroquinolone indicated topically for bacterial conjunctivitis; systemic formulations withdrawn globally due to severe dysglycemia.,"Ophthalmic: conjunctival irritation, keratitis, eye pain; Systemic (withdrawn): severe life-threatening hypoglycemia and hyperglycemia (dysglycemia boxed warning), tendon rupture, and QT prolongation."
Lomefloxacin,"Maxaquin, Lomitas, Okacin",Fluoroquinolone historically indicated for susceptible urinary tract infections and acute bacterial exacerbations of chronic bronchitis.,"Headache, nausea, dizziness, pronounced photosensitivity; serious risks include severe phototoxicity/blistering on sunlight exposure, tendinitis/tendon rupture, peripheral neuropathy, and CNS toxicities."
Nalidixic acid,"NegGram, Gramoneg",First-generation synthetic quinolone historically indicated for susceptible uncomplicated urinary tract infections caused by Gram-negative bacilli.,"Nausea, vomiting, diarrhea, abdominal pain, rash; serious risks include visual disturbances, intracranial hypertension (papilledema in children), hemolytic anemia in G6PD deficiency, and cartilage erosion."
Cinoxacin,Cinobac,First-generation quinolone historically indicated for the treatment and prophylaxis of susceptible uncomplicated urinary tract infections.,"Nausea, vomiting, anorexia, abdominal cramps, dizziness, headache; serious risks include hypersensitivity reactions, phototoxicity, and CNS stimulation (withdrawn/discontinued in most regions)."
Pipemidic acid,"Deblaston, Urotractin",Pyridopyrimidine quinolone antibiotic historically used in Europe and Asia for susceptible acute and recurrent urinary tract infections.,"Gastrointestinal upset, nausea, epigastralgia, rash; serious risks include phototoxicity, CNS excitation, and tendinopathy (restricted or withdrawn in the European Union)."
Oxolinic acid,Uroxin (vet/horticulture),First-generation quinolone historically used for urinary tract infections in humans; predominantly used in veterinary aquaculture and agricultural horticulture.,"Nausea, insomnia, dizziness, restlessness; serious risks include CNS excitation/seizures, cartilage toxicities; obsolete/restricted in human clinical medicine."
Flumequine,Flumequine (vet/Flumiquil),"First-generation fluoroquinolone used primarily in veterinary medicine (poultry, cattle, aquaculture); historically used in some regions for urinary infections.","Veterinary reactions; human: nausea, diarrhea, dizziness; serious risks include phototoxicity, ocular toxicity, tendinopathy, and chondrotoxicity; withdrawn/restricted in human use."
Pefloxacin,"Peflacine, Pelox","Fluoroquinolone approved in France and selected jurisdictions for susceptible serious urinary, respiratory, bone/joint, and hepatobiliary infections.","Nausea, epigastric pain, headache, insomnia; serious risks include high incidence of tendinitis and Achilles tendon rupture, severe phototoxicity, peripheral neuropathy, and CNS toxicity."
Fleroxacin,"Quinodis, Megalone","Broad-spectrum fluoroquinolone historically approved in selected countries for susceptible urinary, respiratory, and enteric infections.","Nausea, diarrhea, insomnia, dizziness, severe phototoxicity; serious risks include pronounced phototoxic skin reactions, CNS excitation, tendon rupture, and QT prolongation (largely discontinued)."
Sparfloxacin,"Zagam, Sparx",Broad-spectrum fluoroquinolone historically indicated for community-acquired pneumonia and acute exacerbations of chronic bronchitis.,"Nausea, diarrhea, dizziness; serious risks include severe phototoxicity (blistering erythema) and pronounced QT interval prolongation/torsades de pointes; withdrawn or discontinued globally."
Tosufloxacin,"Ozex, Tosuacin","Fluoroquinolone approved in Japan for susceptible respiratory, urinary, hepatobiliary, and otorhinolaryngological infections.","Diarrhea, nausea, abdominal pain, rash; serious risks include acute kidney injury/interstitial nephritis, thrombocytopenia, hepatotoxicity, and tendonitis."
Balofloxacin,"Baloxin, BaloForce",Oral fluoroquinolone approved in Korea and Japan for susceptible uncomplicated and complicated urinary tract infections.,"Nausea, headache, dizziness, diarrhea, abdominal discomfort; serious risks include tendinitis/tendon rupture, peripheral neuropathy, CNS effects, and QT prolongation."
Delafloxacin,"Baxdela, Quofenix","Non-zwitterionic fluoroquinolone indicated for acute bacterial skin and skin structure infections (ABSSSI) and community-acquired bacterial pneumonia (CABP), active in acidic environments.","Nausea, diarrhea, headache, transaminase elevations; serious risks include boxed warnings for tendinitis/tendon rupture, peripheral neuropathy, and CNS toxicities (has lower phototoxicity and QT risk)."
Ozenoxacin,"Xepi, Ozanex",Non-fluorinated topical quinolone cream indicated for the topical treatment of impetigo due to Staphylococcus aureus or Streptococcus pyogenes in patients 2 months of age and older.,"Infantile seborrheic dermatitis, application site erythema, pruritus; serious risks are negligible due to virtually undetectable systemic absorption."
Besifloxacin,Besivance (eye drops),Chlorofluoroquinolone ophthalmic suspension indicated exclusively for the topical treatment of bacterial conjunctivitis caused by susceptible isolates.,"Conjunctival redness, blurred vision, eye pain, eye pruritus, headache; serious risks are limited to local ocular hypersensitivity (no systemic fluoroquinolone toxicities)."
Prulifloxacin,"Unidrox, Quisnon","Oral prodrug of ulifloxacin approved in Southern Europe and Japan for susceptible acute lower urinary tract infections, chronic bronchitis, and bacterial sinusitis.","Epigastric pain, nausea, diarrhea, headache; serious risks include tendinitis/tendon rupture, phototoxicity, peripheral neuropathy, and hypersensitivity reactions."
Pazufloxacin,"Pasil, Pazucross","Parenteral fluoroquinolone approved in Japan for susceptible bacteremia, pneumonia, chronic respiratory infections, complicated UTI, and pelvic peritonitis.","Injection site reactions, nausea, diarrhea, elevated transaminases; serious risks include seizures, tendinitis/tendon rupture, acute kidney injury, and hypersensitivity."
Tetracycline,"Achromycin, Hostacycline, Terramycin",Treatment of selected infections caused by tetracycline-susceptible bacteria; use depends on organism and clinical indication.,"Nausea, diarrhoea, photosensitivity; serious risks include severe allergic reactions and effects on developing teeth/bone in certain age groups."
Doxycycline,"Dox-1-SL, Doxy-100, Vibramycin, Doryx, Monodox","Treatment of selected susceptible bacterial infections, including certain respiratory, skin, tick-borne and sexually transmitted infections; also used for malaria prevention in specified circumstances.","Nausea, diarrhoea, photosensitivity, oesophageal irritation; serious risks include severe allergic/skin reactions and C. difficile-associated diarrhoea."
Minocycline,"Minoz, Cynomycin, Minocin, Solodyn, Dynacin",Treatment of selected susceptible bacterial infections; some formulations are used for acne or specific skin conditions.,"Dizziness/vertigo, nausea, diarrhoea, skin or tooth pigmentation; serious risks include liver injury, severe skin reactions and drug-induced autoimmune reactions."
Demeclocycline,"Declomycin, Ledermycin",Tetracycline antibiotic historically used for susceptible infections; primarily used off-label for the management of chronic SIADH (syndrome of inappropriate antidiuretic hormone secretion).,"Nausea, diarrhea, pronounced photosensitivity; serious risks include nephrogenic diabetes insipidus (polyuria, polydipsia), permanent tooth discoloration in children, and azotemia in liver disease."
Oxytetracycline,"Terramycin, Oxyvet (vet)","Natural tetracycline indicated for susceptible respiratory, rickettsial, and urinary infections; widely used in veterinary medicine for livestock bacterial therapy.","Nausea, vomiting, diarrhea, anorexia, phototoxicity; serious risks include enamel hypoplasia/tooth staining in pediatric patients, hepatotoxicity at high doses, and superinfections."
Chlortetracycline,Aureomycin,"First discovered tetracycline; used topically/ophthalmically for superficial ocular and cutaneous infections, and heavily in veterinary agriculture.","Topical irritation, redness; systemic/veterinary: nausea, diarrhea; serious risks include tooth staining/bone growth inhibition in young subjects and photosensitivity."
Methacycline,Rondomycin,"Semi-synthetic tetracycline historically indicated for susceptible respiratory, sexually transmitted, and skin infections.","Nausea, diarrhea, abdominal distress, photosensitivity; serious risks include pediatric tooth discoloration/enamel hypoplasia, benign intracranial hypertension, and C. difficile colitis."
Rolitetracycline,"Reverin, Syntetrin",Parenteral Mannich-base prodrug of tetracycline historically used for severe susceptible bacterial infections requiring rapid IV/IM administration.,"Local injection pain/thrombophlebitis, nausea, vomiting; serious risks include permanent pediatric tooth discoloration, azotemia, and severe hypersensitivity."
Lymecycline,Tetralysal,"Tetracycline prodrug bonded to L-lysine, widely approved in Europe and the UK for moderate-to-severe acne vulgaris and susceptible respiratory/genital infections.","Nausea, abdominal pain, diarrhea, headache; serious risks include photosensitivity, tooth dyschromia in children under 8 years, and benign intracranial hypertension (pseudotumor cerebri)."
Meclocycline,Meclan (topical),Topical tetracycline antibiotic historically formulated as a 1% cream for the topical treatment of acne vulgaris.,"Skin dryness, burning, stinging, erythema, localized contact dermatitis; virtually non-absorbed systemically with low systemic toxicity risk."
Tigecycline,"Tygacil, Tigebax, Critig","First-in-class glycylcycline indicated for complicated skin and skin structure infections, complicated intra-abdominal infections, and community-acquired bacterial pneumonia.","Nausea, vomiting, diarrhea, headache, abdominal pain; serious risks include boxed warning for increased all-cause mortality, pancreatitis, and permanent pediatric tooth discoloration."
Eravacycline,Xerava,"Synthetic fluorocycline antibiotic indicated for the treatment of complicated intra-abdominal infections caused by susceptible Gram-positive, Gram-negative, and anaerobic pathogens.","Infusion site reactions, nausea, vomiting, diarrhea, phlebitis; serious risks include permanent pediatric tooth discoloration, bone growth inhibition, pancreatitis, and hypersensitivity."
Omadacycline,Nuzyra,Aminomethylcycline antibiotic available in oral and IV formulations for community-acquired bacterial pneumonia (CABP) and acute bacterial skin and skin structure infections (ABSSSI).,"Nausea, vomiting, headache, elevated transaminases, diarrhea; serious risks include increased mortality in CABP clinical trials, permanent tooth discoloration in children, and hypersensitivity."
Sarecycline,Seysara,Narrow-spectrum tetracycline-class antibiotic indicated exclusively for the oral treatment of inflammatory lesions of non-nodular moderate to severe acne vulgaris.,"Nausea, dizziness, headache, fatigue, diarrhea; serious risks include permanent pediatric tooth discoloration, photosensitivity, pseudotumor cerebri, and embryofetal toxicity."
Amikacin,"Amikin, Mikacin, Amikamac","Treatment of selected serious infections caused by susceptible bacteria, usually with specialist oversight and monitoring.","Nausea or injection-site effects may occur; serious risks include kidney injury, hearing/balance damage and neuromuscular effects."
Gentamicin,"Garamycin, Genticyn, Gentaspor","Treatment of selected serious infections caused by susceptible bacteria, usually with specialist oversight and monitoring.","Nausea or injection-site effects may occur; serious risks include kidney injury, hearing/balance damage and neuromuscular effects."
Kanamycin,"Kantrex, Kancin",Aminoglycoside historically indicated for serious Gram-negative bacteremia and second-line therapy for multidrug-resistant tuberculosis.,"Tinnitus, vestibular vertigo, elevated creatinine, nausea; serious risks include boxed warnings for irreversible ototoxicity (auditory damage), nephrotoxicity, and neuromuscular blockade."
Neomycin,"Neosporin (combination), Mycifradin, Neopeptine","Aminoglycoside formulated topically for skin/wound infections, and orally for bowel decontamination prior to colorectal surgery and hepatic encephalopathy management.","Oral: nausea, diarrhea, malabsorption; Topical: contact dermatitis; serious risks include severe ototoxicity and nephrotoxicity if absorbed systemically across broken skin or denuded mucosa."
Netilmicin,"Netromycin, Netspan","Semi-synthetic aminoglycoside approved in Europe and other regions for severe susceptible Gram-negative sepsis, intra-abdominal, urinary, and respiratory infections.","Decreased urine output, elevated BUN/creatinine, dizziness, tinnitus; serious risks include nephrotoxicity, irreversible ototoxicity (vestibular/cochlear), and neuromuscular blockade."
Tobramycin,"Tobrex (eye drops), TOBI (inhalation), Nebcin",Treatment of selected serious susceptible bacterial infections; inhaled and ophthalmic formulations have specific uses.,"Depending on route, cough or airway irritation, nausea, or eye irritation may occur; systemic exposure can cause kidney injury and hearing/balance damage."
Streptomycin,"Ambistryn-S, Streptomycin Sulfate","First-in-class aminoglycoside indicated for Mycobacterium tuberculosis (in multi-drug regimens), tularemia, plague (Yersinia pestis), and brucellosis.","Paresthesias of the face/mouth, dizziness, nausea; serious risks include boxed warnings for vestibular ototoxicity (permanent loss of balance), cochlear hearing loss, nephrotoxicity, and fetal harm."
Paromomycin,Humatin,"Non-absorbed luminal aminoglycoside indicated for intestinal amebiasis (Entamoeba histolytica), adjunct in hepatic coma, and visceral leishmaniasis.","Nausea, abdominal cramps, diarrhea, vomiting, steatorrhea; serious risks include systemic nephrotoxicity and ototoxicity if significant absorption occurs in patients with ulcerated mucosa."
Spectinomycin,Trobicin,"Aminocyclitol antibiotic structurally related to aminoglycosides, indicated primarily as an alternative treatment for acute uncomplicated gonococcal urethritis and cervicitis.","Injection site soreness, urticaria, nausea, chills, insomnia; serious risks include severe anaphylaxis (lacks significant cochlear and renal toxicity characteristic of classical aminoglycosides)."
Plazomicin,Zemdri,"Next-generation aminoglycoside indicated for complicated urinary tract infections (cUTI), including pyelonephritis, caused by multidrug-resistant Enterobacteriaceae.","Decreased renal function, headache, nausea, hypertension, diarrhea; serious risks include boxed warnings for nephrotoxicity, ototoxicity, neuromuscular blockade, and fetal harm."
Sisomicin,"Extramycin, Siseptin","Natural aminoglycoside isolated from Micromonospora inyoensis, approved regionally for susceptible serious Gram-negative systemic and urinary infections.","Azotemia, dizziness, tinnitus; serious risks include irreversible ototoxicity (vestibular and auditory), acute tubular necrosis/nephrotoxicity, and neuromuscular blockade."
Dibekacin,Panimycin,"Semi-synthetic aminoglycoside derivative of kanamycin B, used regionally in Japan for susceptible septicemia, respiratory infections, and urinary tract infections.","Oliguria, proteinuria, elevated serum creatinine, vertigo; serious risks include cochlear hearing loss, vestibular impairment, nephrotoxicity, and neuromuscular paralysis."
Ribostamycin,Vistamycin,"Aminoglycoside antibiotic approved in Japan and parts of Europe for susceptible respiratory, urinary, and surgical Gram-negative and staphylococcal infections.","Injection site pain, nausea, tinnitus, transient creatinine elevation; serious risks include ototoxicity, nephrotoxicity, and hypersensitivity reactions."
Framycetin,Soframycin,"Aminoglycoside (neomycin B) used topically for superficial skin, ocular, and external ear bacterial infections.","Local cutaneous burning, stinging, erythema, allergic contact dermatitis; serious risks include ototoxicity if instilled into the ear in the presence of a perforated tympanic membrane."
Isepamicin,"Isepacin, Exacin","Semi-synthetic aminoglycoside resistant to many aminoglycoside-modifying enzymes, approved regionally for susceptible respiratory, urinary, and intra-abdominal infections.","Nausea, elevated BUN/creatinine, dizziness; serious risks include irreversible ototoxicity (hearing impairment, vestibular dysfunction) and dose-dependent nephrotoxicity."
Arbekacin,Habekacin,"Semi-synthetic aminoglycoside derivative of dibekacin, approved in Japan for the treatment of sepsis and pneumonia caused by methicillin-resistant Staphylococcus aureus (MRSA).","Elevated creatinine, proteinuria, hearing impairment, dizziness; serious risks include acute nephrotoxicity, permanent ototoxicity, and neuromuscular blockade."
Vancomycin,"Vancocin, Vancogen, Vantox, Firvanq",Treatment depends on route: oral vancomycin is used for certain intestinal infections; intravenous vancomycin is used for selected serious Gram-positive infections.,"Oral use may cause nausea or abdominal discomfort; IV use may cause infusion reactions. Serious risks include kidney injury, hearing-related toxicity in some circumstances and severe hypersensitivity."
Teicoplanin,"Targocid, Ticocin, Teicotaz","Glycopeptide antibiotic approved in Europe and internationally for serious Gram-positive infections including complicated skin/soft tissue, bone/joint infections, and MRSA bacteremia.","Rash, local injection pain, fever, nausea, bronchospasm; serious risks include nephrotoxicity (lower incidence than vancomycin), ototoxicity, thrombocytopenia, and hypersensitivity."
Telavancin,Vibativ,Bactericidal lipoglycopeptide indicated for complicated skin and skin structure infections (cSSSI) and hospital-acquired/ventilator-associated bacterial pneumonia caused by MRSA.,"Taste disturbance (metallic taste), nausea, vomiting, foamy urine; serious risks include boxed warnings for increased mortality in baseline renal impairment, nephrotoxicity, embryofetal toxicity, and QT prolongation."
Dalbavancin,"Dalvance, Xydalba","Long-acting lipoglycopeptide administered once weekly for acute bacterial skin and skin structure infections (ABSSSI) caused by susceptible Gram-positive pathogens, including MRSA.","Nausea, headache, diarrhea, vomiting, rash; serious risks include infusion-related reactions (rapid infusion flushing/red man syndrome), hepatotoxicity, and hypersensitivity reactions."
Oritavancin,"Orbactiv, Kimyrsa","Single-dose long-acting lipoglycopeptide indicated for acute bacterial skin and skin structure infections (ABSSSI) caused by susceptible Gram-positive isolates, including MRSA.","Headache, nausea, diarrhea, limb and subcutaneous abscess, vomiting; serious risks include interference with coagulation tests (falsely prolonged aPTT/PT/INR for up to 120 hours), osteomyelitis, and infusion reactions."
Ramoplanin,Ramoplanin (investigational),Investigational non-absorbable lipoglycodepsipeptide developed for oral treatment of Clostridioides difficile colitis and VRE gastrointestinal decolonization.,"Nausea, diarrhea, abdominal distension; serious risks are minimized by negligible systemic bioavailability (investigational agent; not commercially marketed)."
Clindamycin,"Dalacin C, Cleocin, Clindac A (topical), Evoclin","Treatment of selected serious infections caused by susceptible bacteria, including certain anaerobic, skin, soft-tissue and bone infections.","Diarrhoea, nausea, abdominal pain, rash; major serious risk is C. difficile-associated colitis, which can be severe."
Lincomycin,"Lincocin, Lynx","Lincosamide antibiotic indicated for serious susceptible staphylococcal, streptococcal, and pneumococcal infections in penicillin-allergic patients.","Diarrhea, nausea, vomiting, abdominal cramps, rash; serious risks include boxed warning for severe pseudomembranous colitis (C. difficile), cardiorespiratory arrest upon rapid IV bolus, and neutropenia."
Pirlimycin,Pirsue (vet),Veterinary-exclusive lincosamide indicated for intramammary infusion in dairy cattle for the treatment of clinical and subclinical bovine mastitis.,Veterinary udder irritation; strictly NOT approved or indicated for human administration (potential for fatal pseudomembranous colitis upon human exposure).
Linezolid,"Zyvox, Linospan, Lizomac, Lizolid","Treatment of selected infections caused by susceptible Gram-positive bacteria, including certain resistant infections such as MRSA and VRE, according to indication.","Diarrhoea, nausea, headache, vomiting; serious risks include low blood counts, serotonin syndrome with interacting medicines, optic/peripheral neuropathy with prolonged use and lactic acidosis."
Tedizolid,Sivextro,"Second-generation oxazolidinone prodrug indicated for acute bacterial skin and skin structure infections (ABSSSI) caused by susceptible Gram-positive pathogens, including MRSA.","Nausea, headache, diarrhea, vomiting, dizziness; serious risks include myelosuppression/thrombocytopenia with extended therapy, peripheral/optic neuropathy, and potential serotonin syndrome."
Radezolid,Radezolid (investigational),Investigational bi-aryl oxazolidinone developed for community-acquired pneumonia and complicated skin and skin structure infections.,"Nausea, diarrhea, headache; serious risks include potential oxazolidinone-class myelosuppression and neuropathy (developmental/non-marketed agent)."
Polymyxin B,"Poly-Rx, Polymyxin B Injectable, Neosporin (combo)","Polypeptide antibiotic indicated for acute infections caused by susceptible strains of Pseudomonas aeruginosa, Acinetobacter, and other multidrug-resistant Gram-negative organisms.","Decreased urine output, dizziness, flushing, paresthesias; serious risks include boxed warnings for dose-dependent nephrotoxicity (acute tubular necrosis), neurotoxicity (neuromuscular blockade, respiratory arrest)."
Colistin (polymyxin E),"Coly-Mycin M, Colistimethate, Walamycin","Reserved for selected serious infections caused by susceptible multidrug-resistant Gram-negative bacteria, with specialist oversight.","Numbness/tingling, dizziness or gastrointestinal effects may occur; serious risks include kidney injury and neuromuscular toxicity."
Metronidazole,"Flagyl, Metrogyl, Aristogyl",Treatment of selected infections caused by susceptible anaerobic bacteria and certain protozoa; indication depends on the infection.,"Nausea, metallic taste, abdominal discomfort, headache; serious risks include peripheral neuropathy with certain exposure patterns, seizures/encephalopathy rarely and severe skin reactions."
Tinidazole,"Tindamax, Fasigyn, Tiniba","Second-generation nitroimidazole indicated for trichomoniasis, giardiasis, amebiasis, and bacterial vaginosis in non-pregnant adult women.","Metallic/bitter taste, nausea, weakness, dizziness, dyspepsia; serious risks include peripheral neuropathy, convulsions, disulfiram-like reaction with alcohol, and potential carcinogenicity."
Secnidazole,"Solosec, Secnil, Tagera",Single-dose 5-nitroimidazole indicated for the treatment of bacterial vaginosis in female patients and trichomoniasis in adolescent and adult patients.,"Vulvovaginal candidiasis, headache, nausea, dysgeusia, vomiting, diarrhea; serious risks include potential peripheral neuropathy, disulfiram-like reaction with alcohol, and hypersensitivity."
Ornidazole,"Dazolic, Ornid, Tiberal, Zenflox-OZ (combo)","Synthetic nitroimidazole approved in Europe and Asia for susceptible anaerobic bacterial infections, amebiasis, giardiasis, and trichomoniasis.","Nausea, metallic taste, epigastric discomfort, drowsiness, dizziness; serious risks include peripheral neuropathy, central nervous system tremors/seizures, and disulfiram-like ethanol reaction."
Nitrofurantoin,"Macrobid, Macrodantin, Furadantin, Martifur",Treatment of susceptible uncomplicated lower urinary tract infections; not appropriate for kidney infection or systemic infection.,"Nausea, reduced appetite, headache; urine may darken. Serious risks include lung reactions, liver injury, peripheral neuropathy and haemolysis in susceptible patients."
Fosfomycin,"Monurol, Fosirol, Crinofos",Treatment of uncomplicated urinary tract infection in specified patients and formulations.,"Diarrhoea, nausea, headache, vaginitis; serious allergic reactions and C. difficile-associated diarrhoea are possible."
Chloramphenicol,"Chloromycetin, Enteromycetin, Paraxin","Broad-spectrum bacteriostatic antibiotic reserved for serious susceptible infections (such as typhoid fever, bacterial meningitis) when less toxic agents are contraindicated.","Nausea, vomiting, diarrhea, glossitis; serious risks include boxed warning for irreversible fatal aplastic anemia, dose-dependent bone marrow suppression, and gray baby syndrome in neonates."
Fusidic acid,"Fucidin, Fucibet","Steroidal antibacterial indicated topically for superficial staphylococcal skin infections (impetigo, folliculitis) and orally/IV in selected countries for severe MRSA osteomyelitis/joint infections.","Topical: skin irritation, stinging; Oral/IV: dyspepsia, nausea, diarrhea; serious risks include hepatotoxicity/jaundice, and severe fatal rhabdomyolysis when co-administered with statins."
Daptomycin,"Cubicin, Daptocel, Dapsun","Treatment of selected serious Gram-positive infections, including certain skin infections and bloodstream/right-sided endocarditis; not indicated for pneumonia.","Nausea, diarrhoea, headache, injection-site reactions; serious risks include muscle injury/rhabdomyolysis and eosinophilic pneumonia."
Mupirocin,"Bactroban, T-Bact, Mupimet, Centany",Topical RNA-synthetase inhibitor indicated for impetigo caused by S. aureus/S. pyogenes and intranasal eradication of MRSA colonization in patients and healthcare personnel.,"Local application site burning, stinging, erythema, pruritus; serious risks include contact dermatitis, secondary fungal infections, and polyethylene glycol vehicle toxicity in extensive open wounds."
