source_id,publisher,network,data_layer,report_year,reporting_period,filename,runtime_filename,page_count,sha256,sha256_verified_against_manifest,official_source,role
NCDC_resistance_2017_NARS-Net,"National Centre for Disease Control (NCDC), Government of India",NARS-Net,resistance,2017,2017,amr23.pdf,amr2017.pdf,15,0070d1b36c314a235bf1b744170e8e7bc95655db064c57cbb485f8301ffff6b2,True,yes,primary_source
NCDC_resistance_2018_NARS-Net,"National Centre for Disease Control (NCDC), Government of India",NARS-Net,resistance,2018,2018,amr24.pdf,amr2018.pdf,19,a09987ec16fe77b10438cd3340bf1c2c4aae1cd330ba0601b33231453693836f,True,yes,primary_source
NCDC_resistance_2019_NARS-Net,"National Centre for Disease Control (NCDC), Government of India",NARS-Net,resistance,2019,Reporting Period - January to December 2019 National Programme on AMR Containment National Centre for Disease Control 0 Directorate General,amr25.pdf,amr2019.pdf,44,6056c836ea739dd02cfc0af39295a49c41bffd4da31cfe302085b53a19fd3097,True,yes,primary_source
NCDC_resistance_2020_NARS-Net,"National Centre for Disease Control (NCDC), Government of India",NARS-Net,resistance,2020,Reporting Period- January to December 2020 National Programme on AMR Containment National Centre for Diseases Control Directorate General,amr26.pdf,amr2020.pdf,47,159858e8674efc6ee4c800a34ef494ddc7d3e88a920f54e4c867a65aba2ec9ad,True,yes,primary_source
NCDC_resistance_2021_NARS-Net,"National Centre for Disease Control (NCDC), Government of India",NARS-Net,resistance,2021,Reporting period: 01 January 2021 to 31 December 2021 National Programme on AMR Containment National Centre for Disease Control (NCDC) Dir,amr27.pdf,amr2021.pdf,45,976a985af372cbd2f59a5afb7381a6a68edb0bcca33e95b98bc0b3deea306785,True,yes,primary_source
NCDC_resistance_2022_NARS-Net,"National Centre for Disease Control (NCDC), Government of India",NARS-Net,resistance,2022,"Reporting period: 1 January – 31 December 2022 National Programme on AMR Containment, National Centre for Disease Control (NCDC) Directora",amr28.pdf,amr2022.pdf,63,5d3734e4dbcc32fc4070e0b85ae0e164ff4fbcc90df4813ffc5c632a130867e7,True,yes,primary_source
NCDC_resistance_2023_NARS-Net,"National Centre for Disease Control (NCDC), Government of India",NARS-Net,resistance,2023,"Reporting period: January – December 2023 National Programme on AMR Containment, National Centre for Disease Control (NCDC) Directorate Ge",amr29.pdf,amr2023.pdf,57,1c5c9fbe3c6320c9b1e31852f0892aecf705d10c243fbb4505551b4032ebca56,True,yes,primary_source
NCDC_resistance_2024_NARS-Net,"National Centre for Disease Control (NCDC), Government of India",NARS-Net,resistance,2024,"Reporting period: January – December 2024 National Programme on AMR Containment, National Centre for Disease Control (NCDC) Directorate Ge",amr30.pdf,amr2024.pdf,68,48b4bdf8f7f8706a110f9f8b3b95aa792b813b18ecedc7b1bb94b49c8a63c4e5,True,yes,primary_source
NCDC_resistance_2025_NARS-Net,"National Centre for Disease Control (NCDC), Government of India",NARS-Net,resistance,2025,"Reporting period: January – December 2025 National Programme on AMR Containment, National Centre for Disease Control (NCDC) Directorate Ge",amr31.pdf,amr2025.pdf,66,fca832b52071980ddbb055d57cdeb34f75396c05f65930f9a6da981358aafc2f,True,yes,primary_source
NCDC_consumption_2022_NAC-NET,"National Centre for Disease Control (NCDC), Government of India",NAC-NET,consumption,2022,2022,amrc(1).pdf,amrc2022.pdf,37,c9fceb5f42660cf3df9f891257b76a58c02290297293920562be1951066a3eef,True,yes,primary_source
NCDC_consumption_2023_NAC-NET,"National Centre for Disease Control (NCDC), Government of India",NAC-NET,consumption,2023,2023,amrc(2).pdf,amrc2023.pdf,35,a2f72be41d0426f6bfba283b920ba7ca211f0265242389115204e20223d9bbcc,True,yes,primary_source
NCDC_consumption_2024_NACNET_SACNET,"National Centre for Disease Control (NCDC), Government of India",NACNET/SACNET,consumption,2024,2024,amrc(3).pdf,amrc2024.pdf,50,4240efd620dc20b174325585ccd60e2e6b7d116399a94b043101a1386a87e7dc,True,yes,primary_source
ICMR_AMRSN_2017,Indian Council of Medical Research (ICMR),ICMR-AMRSN,surveillance,2017,January–December 2017,icmramrannualreport2017.pdf,icmramrannualreport2017.pdf,51,194f133e2e2505fe05b872995950fc3bc0a6897f506505484f09d9e05206c789,not_available,yes,primary_source
ICMR_AMRSN_2018,Indian Council of Medical Research (ICMR),ICMR-AMRSN,surveillance,2018,January–December 2018,icmramrannualreport2018.pdf,icmramrannualreport2018.pdf,98,9f3dbce7f54933d663cdc9d69161c3bfd25f0201b7b3ff798792ed1694b5bd8c,not_available,yes,primary_source
ICMR_AMRSN_2019,Indian Council of Medical Research (ICMR),ICMR-AMRSN,surveillance,2019,January–December 2019,icmramrannualreport2019.pdf,icmramrannualreport2019.pdf,138,58d2c5fa3cde7a973db0004df45c0332abe256cf88b3da685c710bcf3009f4f5,not_available,yes,primary_source
ICMR_AMRSN_2020,Indian Council of Medical Research (ICMR),ICMR-AMRSN,surveillance,2020,January–December 2020,icmramrannualreport2020.pdf,icmramrannualreport2020.pdf,188,345a560cf8bcc361996f251a81adedc5ac0e95cb38d7c06857b3c8b1b203ed97,not_available,yes,primary_source
ICMR_AMRSN_2021,Indian Council of Medical Research (ICMR),ICMR-AMRSN,surveillance,2021,January–December 2021,icmramrannualreport2021.pdf,icmramrannualreport2021.pdf,207,267eb96a8814b19fbc772d637adef18fc61e30c7862dcf73da1b194032014500,not_available,yes,primary_source
ICMR_AMRSN_2022,Indian Council of Medical Research (ICMR),ICMR-AMRSN,surveillance,2022,January–December 2022,icmrannualreport2022.pdf,icmrannualreport2022.pdf,223,cf669d2a8193cdd28987f1e88b983c4474fbeb2ead08ca9352f831f39b272482,not_available,yes,primary_source
ICMR_AMRSN_2023,Indian Council of Medical Research (ICMR),ICMR-AMRSN,surveillance,2023,January–December 2023,icmrannualreport2023.pdf,icmrannualreport2023.pdf,244,09c5afde7a7d1401d275993f60e97ae4b5f12630ba29497331429fa09430dbdc,not_available,yes,primary_source
ICMR_AMRSN_2024,Indian Council of Medical Research (ICMR),ICMR-AMRSN,surveillance,2024,January–December 2024,icmramrsnannualreport2024.pdf,icmramrsnannualreport2024.pdf,206,9a078ba24e7dc052a1bf4b0f623ab5ea3e5bad8d4787c584d96008b55d24d852,not_available,yes,primary_source
WHO_RELAY_AMR,World Health Organization,WHO,WHO AMR indicators,2016–2023,,RELAY_AMR.csv,RELAY_AMR.csv,,0ea38387ec8c714fba600c086a1d687700af0b7ece7b4a6e6a58a3336781c486,not_available,yes,primary_source
WHO_AWaRe_Essential_Medicines,World Health Organization,WHO,antibiotic ontology,,,aware-essentialmeds-org-list.md,aware-essentialmeds-org-list.md,,25ac36fe5b0cb26628e6765a1d930323894e337f57f2dc77a8aff3102292da2f,not_available,yes,primary_source
WHO_AMR_Dashboard_India,World Health Organization,WHO,WHO AMR dashboard snapshot,,,IND data-who-int-dashboards-amr-antimicrobial-resistance-profile.md,IND data-who-int-dashboards-amr-antimicrobial-resistance-profile.md,,5c5452d59e2e9f9119ef4797bba3a424b9c31f37ad4af0f1054e67fe19b58014,not_available,yes,primary_source
NCDC_machine_trainable_existing,NCDC / project extraction,NARS-Net/NACNET/SACNET,derived corpus,,,ncdc_amr_machine_trainable.csv,ncdc_amr_machine_trainable.csv,,927ccdc9961b13e43d6b9752dff4c472fa6b50a033117fc7e139c0d0abfb09f5,not_applicable,no (derived from official sources),derived_input
NCDC_resistance_evidence_existing,NCDC / project extraction,NARS-Net/NACNET/SACNET,derived evidence index,,,ncdc_resistance_evidence.csv,ncdc_resistance_evidence.csv,,79b739d46ebdfe1183cfaf9baf7b886ddacff547e4659b1c731d98781460ac8e,not_applicable,no (derived from official sources),derived_input
NCDC_consumption_evidence_existing,NCDC / project extraction,NARS-Net/NACNET/SACNET,derived evidence index,,,ncdc_consumption_evidence.csv,ncdc_consumption_evidence.csv,,32da58102b4d2266f59845e698b8417fc0ba9d4528064bc0156835735abf3e8a,not_applicable,no (derived from official sources),derived_input
NCDC_source_manifest,NCDC / project extraction,NARS-Net/NACNET/SACNET,provenance manifest,,,ncdc_source_manifest.csv,ncdc_source_manifest.csv,,451dd7b1a62c96a1df4b324b67bc7db43746aa50c1c23669bd5fc3888b0ab305,not_applicable,no (derived from official sources),derived_input
NCDC_rag_chunks_existing,NCDC / project extraction,NARS-Net/NACNET/SACNET,derived RAG corpus,,,ncdc_rag_chunks.jsonl,ncdc_rag_chunks.jsonl,,fb7259987d20f909bb04f73222fc6001cc2ef258d490f36185c32762761f39e3,not_applicable,no (derived from official sources),derived_input
