file,bytes,sha256
amr_chatbot_corpus.csv,3925051,02880f310ac36d535ee76fb2ffea8a246bf83136fd3174bfe86a6472981a20b4
amr_chatbot_corpus.jsonl,4940992,ad441e86480472bea74d05c4790e7e8c9521d256335d5de3bfb221abb536bd95
amr_data_quality_report.csv,1074,069e70846eee29740ae55b1bcfe31dd56131d5cbe9ca6b24fe1cd4cb46289ba1
amr_source_registry.csv,8355,263f685a56b75c96e380e5040c534a44a3923559aa2dc24a7602f260ce7f3ba6
amr_surveillance_trend_summary.csv,317,87bcec145eb4924f818c3a573c9455dc542327e97b9cac1429d6f482acf78a0b
icmr_surveillance_pages.csv,2175630,1244ee8527a2f5267a7794ac7937108eafa4ebf381482aace1584cadf05349f7
ncdc_evidence_clean.csv,390507,666c08ca9a8d0a5267afc94106c8f5e2dd05f468455388b49b47d0d5dc4f376c
ncdc_rag_clean.csv,970907,32cff0f55d59fbdd38f85d23df7f4342b4ff0ce35537ad140eb93d6ccf0256e8
who_amr_canonical.csv,406505,924dd50f949f2f7addefb5fc1f2a1dc76a224067630b3f5ec37266dd80ac58bd
who_aware_antibiotics.csv,38537,d9378f40f5212cd2a7505bf92ebac7697910c6bee79b68bd009f2cb53da66414
