id,brand_name,drug_id,default_strength
1,Augmentin,2,625mg
2,Clavam,2,625mg
3,Moxikind-CV,2,625mg
4,Amoxyclav,2,625mg
5,Megaclav,2,625mg
6,Taxim-O,6,200mg
7,Zifi,6,200mg
8,Mahacef,6,200mg
9,Cefolac,6,200mg
10,Omnicef-O,6,200mg
11,Azithral,7,500mg
12,Azee,7,500mg
13,Zady,7,500mg
14,Azibact,7,500mg
15,Laz,7,500mg
16,Ciplox,8,500mg
17,Cifran,8,500mg
18,Alcipro,8,500mg
19,Levomac,9,500mg
20,L-Cin,9,500mg
21,Glevo,9,500mg
22,Oflox,10,200mg
23,Zanocin,10,200mg
24,Zenflox,10,200mg
25,Norflox,11,400mg
26,Norbactin,11,400mg
27,Monocef,32,1g
28,C-Tri,32,1g
29,Xone,32,1g
30,Doxicip,12,100mg
31,Doxy-1,12,100mg
32,Microdox,12,100mg
33,Niftas,3,100mg
34,Martifur,3,100mg
35,Urifast,3,100mg
36,Monurol,4,3g
37,Fosfocil,4,3g
38,Phexin,5,500mg
39,Sporidex,5,500mg
40,Ceff,5,500mg
41,Droxyl,25,500mg
42,Ceftum,35,500mg
43,Cetil,35,500mg
44,Gudcef,36,200mg
45,Doxcef,36,200mg
46,Macpod,36,200mg
47,Magnex,38,1.5g
48,Sulbacef,38,1.5g
49,Pipzo,39,4.5g
50,Tazact,39,4.5g
51,Meronem,13,1g
52,Meromac,13,1g
53,Zyvox,14,600mg
54,Lizomac,14,600mg
55,Linospan,14,600mg
56,Vancocin,45,1g
57,Vanlid,45,500mg
58,Xylistin,15,1 MIU
59,Tygacil,52,50mg
60,Zavicefta,54,2.5g
61,Bactrim,26,480mg
62,Septran,26,480mg
63,Flagyl,27,400mg
64,Metrogyl,27,400mg
65,Dalacin-C,28,300mg
66,Dolo,19,650mg
67,Calpol,19,650mg
68,Crocin,19,650mg
69,Cetzine,74,10mg
70,Alerid,74,10mg
71,1-AL,75,5mg
72,Electral,18,21.8g
73,Combiflam,73,400mg/325mg
74,Oflox-OZ,66,200mg/500mg
75,Zenflox-OZ,66,200mg/500mg
76,Mahacef-AZ,67,200mg/250mg
77,Norflox-TZ,69,400mg/600mg
